8.2,4.8,11.2,10.8,22.5,27.5,24.0,-0.78,0.75,0.43
0.0,4.0,0.0,19.6,0.0,8.2,60.2,0.36,0.5,0.4
28.4,39.0,1.4,0.0,16.6,0.0,0.0,-0.62,1.56,0.44
0.0,0.0,0.0,26.5,1.2,0.8,26.7,0.35,-0.12,0.02
2.3,1.7,29.0,18.7,0.0,4.3,0.0,0.23,0.47,-0.57
40.2,35.2,37.2,0.0,16.0,25.0,0.0,-0.85,0.2,0.18
6.0,4.0,0.0,0.0,1.8,0.0,52.8,-0.1,-0.18,1.45
10.6,5.6,0.0,0.0,3.2,10.4,21.6,0.24,0.1,0.26
0.0,0.0,0.0,52.8,0.0,17.6,18.4,0.84,0.26,0.34
14.7,17.7,19.3,0.0,7.0,0.0,37.0,-0.8,0.17,0.93
0.0,0.0,0.0,0.0,0.0,0.0,49.8,-0.12,-0.52,1.18
8.0,5.0,0.0,0.0,26.0,0.0,17.8,-1.1,-0.35,0.85
36.3,37.7,22.0,0.0,3.0,8.0,0.0,-1.0,1.2,-0.3
7.3,4.2,4.5,9.2,0.5,21.2,49.2,-0.38,-0.97,0.15
0.0,28.7,0.0,41.0,0.0,0.0,33.0,0.63,0.97,0.73
0.0,0.0,0.0,5.0,12.0,0.0,34.3,0.1,0.13,-0.4
7.6,23.4,0.0,3.4,2.6,10.8,33.4,-0.4,0.8,0.38
0.0,0.0,0.0,17.8,0.0,0.0,65.0,-0.48,0.12,-0.08
0.0,0.0,0.8,45.2,0.0,0.0,0.0,1.2,1.02,-0.38
0.0,12.5,4.0,0.0,0.0,6.0,4.5,-0.95,-1.25,-1.4
26.8,19.8,14.2,0.0,16.8,4.8,8.5,-0.88,-0.18,0.0
23.5,23.0,4.0,0.0,17.2,8.8,37.2,0.22,-0.43,1.62
9.0,5.4,10.4,0.0,8.6,12.4,42.4,-0.56,-0.46,-0.04
2.0,3.0,35.7,0.0,26.7,13.3,8.3,-0.27,0.03,-0.73
0.0,0.0,0.0,22.0,4.0,7.8,41.6,0.04,-0.5,1.34
0.0,0.0,0.0,0.0,7.0,0.0,62.0,-0.15,-0.35,0.98
18.3,7.3,0.0,0.0,3.7,14.7,37.0,-0.87,-0.1,-0.43
0.0,0.0,11.8,0.2,14.2,5.2,36.8,-0.43,0.38,0.5
0.0,3.7,0.0,44.3,0.0,0.0,33.3,1.07,1.27,1.27
0.0,0.0,0.0,29.2,2.5,0.0,30.0,0.2,-0.68,0.57
9.0,5.0,18.7,0.0,7.3,44.0,0.0,-0.8,-0.1,-0.17
0.6,0.4,0.0,1.2,3.8,6.4,49.2,-0.28,-0.56,-0.26
0.0,0.0,0.0,0.0,62.2,0.0,25.0,-1.3,-2.2,-0.9
0.0,12.0,0.0,10.6,0.0,5.0,57.8,0.42,0.2,1.94
15.0,15.0,0.0,0.0,12.3,13.0,33.3,-0.57,1.1,-0.3
2.5,7.2,6.2,59.8,0.0,18.5,25.0,0.9,1.4,1.5
0.0,0.0,0.0,43.0,0.0,13.0,10.6,1.02,1.02,0.9
3.0,5.2,0.0,36.2,0.0,7.3,40.5,0.72,0.23,0.38
1.0,13.4,0.0,1.0,0.0,2.4,35.2,-0.6,0.14,-0.34
0.0,0.0,3.2,57.2,0.0,6.5,21.2,1.18,1.32,1.03
0.0,0.0,0.0,16.2,0.0,10.0,36.8,-0.34,-0.88,-0.88
7.0,3.8,11.6,0.0,13.6,0.0,26.2,-0.92,-0.08,-0.76
1.2,1.4,20.8,0.0,4.0,0.6,10.8,-1.02,-1.26,-0.92
0.0,0.0,0.0,6.0,0.5,0.0,39.2,-1.4,-0.98,-0.12
0.0,0.0,0.0,0.0,0.0,0.0,74.3,0.67,-0.33,-0.2
0.0,0.0,0.0,12.8,1.2,9.0,25.0,0.25,0.35,1.08
0.0,0.0,0.0,0.0,50.8,0.0,25.2,-1.1,-0.98,-0.12
0.0,0.0,0.0,0.0,8.0,0.0,31.5,0.7,0.55,0.7
0.0,0.0,6.2,9.5,23.0,0.0,12.8,-0.65,-0.5,-0.68
23.0,28.0,32.0,0.0,33.0,0.0,3.0,-0.7,-0.97,-0.43
0.0,0.0,0.0,24.0,0.0,4.0,31.7,0.7,0.2,-0.53
3.0,45.0,0.4,0.0,13.4,0.0,18.4,-0.06,-0.44,0.0
11.8,16.0,8.0,0.0,12.0,0.0,25.5,-0.2,0.1,0.45
12.2,24.2,0.0,18.0,17.5,0.0,25.0,-0.38,-0.62,-0.08
38.5,24.5,0.0,0.0,17.5,7.5,0.0,-0.1,-0.3,1.35
21.0,0.0,36.5,0.0,9.0,5.5,0.0,1.2,0.75,1.8
4.5,37.5,0.0,0.0,5.5,3.2,25.0,-0.55,0.0,0.22
0.0,0.0,0.8,51.8,0.5,2.7,22.0,0.97,0.27,0.75
15.2,24.0,1.0,0.0,13.8,3.2,20.8,-0.44,1.2,1.16
0.0,0.4,0.0,29.4,0.0,20.4,30.2,0.6,0.86,0.06
0.0,2.6,24.6,13.4,3.8,1.4,5.2,-0.7,-0.22,-0.32
0.0,0.0,0.0,14.4,0.0,2.0,59.0,0.26,-0.26,-0.62
0.0,0.0,0.0,54.7,0.0,0.0,13.7,1.03,0.67,1.3
0.0,0.0,0.0,40.0,6.8,5.0,21.0,1.0,1.23,0.88
0.0,2.4,0.0,24.4,2.0,2.2,20.8,0.38,0.6,0.4
0.0,0.0,0.0,1.0,3.5,14.5,42.2,0.3,1.27,0.98
0.0,4.0,0.0,0.0,11.2,2.0,46.6,-0.54,0.66,0.22
27.5,18.2,2.5,14.8,6.2,0.0,0.0,-1.02,-0.15,-0.8
14.5,12.8,8.8,17.8,10.5,0.0,41.5,-0.05,-0.15,0.35
0.0,1.4,1.0,11.6,0.0,27.0,44.2,0.42,0.84,0.9
0.0,0.0,0.0,28.0,0.0,0.0,41.3,0.33,0.13,0.7
1.3,4.0,32.3,0.0,86.7,8.7,0.0,-0.7,-1.0,-1.1
0.0,0.0,8.8,31.4,13.0,8.8,21.6,0.22,0.02,0.1
0.0,11.0,14.2,1.5,22.0,1.5,1.2,-0.9,-0.6,-0.0
1.4,0.0,0.0,16.6,0.0,0.0,67.0,-0.14,-0.2,0.66
27.3,9.3,0.0,36.0,0.0,11.0,4.3,0.17,1.6,-0.23
0.8,16.7,14.7,1.7,43.0,0.8,14.8,-1.2,-0.98,-0.25
0.0,0.0,16.2,0.0,50.8,0.0,15.8,-1.1,-1.58,-1.42
10.8,2.6,15.0,21.4,2.2,22.2,10.0,-0.44,0.88,0.96
7.8,25.2,17.2,0.0,18.8,11.2,6.0,-1.0,-1.08,0.57
0.0,0.0,19.5,14.0,0.0,0.0,60.0,0.25,0.25,0.48
8.0,5.2,0.0,0.8,3.0,26.2,0.0,-0.02,0.06,0.74
0.0,3.0,0.0,10.0,2.2,6.8,27.8,0.44,0.14,0.76
2.3,23.3,11.0,0.0,15.7,20.0,0.0,-0.83,-0.57,0.3
0.0,0.0,0.0,4.2,0.0,0.0,62.6,0.22,0.16,0.86
0.0,0.0,0.0,0.0,14.8,0.0,33.8,0.07,-0.0,2.05
2.0,9.5,21.5,0.0,17.0,0.0,0.0,-0.65,-0.9,-1.4
3.0,3.3,7.0,6.7,0.0,0.0,41.3,0.03,-0.03,-0.03
35.2,19.4,2.2,0.0,4.8,10.0,0.0,-0.78,-0.54,0.7
45.5,55.0,3.2,0.0,14.8,0.0,0.0,0.58,0.9,0.57
0.8,0.0,39.0,1.8,23.2,7.5,21.3,-0.28,-0.68,-0.27
7.0,24.2,11.2,0.0,9.5,7.8,9.5,-0.58,0.27,0.72
2.0,15.0,4.3,2.7,7.7,36.3,31.3,0.13,0.17,0.7
12.0,10.3,0.0,0.0,13.3,13.0,29.0,-0.73,-0.57,0.1
8.5,24.2,4.0,13.5,0.5,5.8,4.3,0.28,0.78,0.42
0.0,20.5,6.2,0.0,0.0,5.8,10.0,-0.12,0.95,1.27
0.0,0.0,0.7,69.2,0.0,7.2,24.2,1.38,0.18,0.97
5.0,0.0,0.0,20.0,49.8,16.8,3.5,-1.2,0.2,0.6
2.7,7.0,11.3,20.7,30.0,10.3,11.7,-0.4,0.17,0.1
0.0,0.0,0.0,15.5,0.0,0.0,39.0,0.2,0.15,-0.55
0.0,12.5,2.2,8.7,0.0,9.5,36.8,0.7,0.48,0.58
9.2,0.0,0.0,26.2,0.0,6.2,32.0,0.0,-0.57,1.08
11.8,0.0,3.8,18.0,0.0,0.0,36.0,-0.28,-0.88,-0.22
12.2,1.8,0.0,54.5,0.0,17.8,17.2,0.18,-0.08,0.25
0.0,0.0,0.0,13.2,13.0,13.0,32.2,0.3,0.35,-0.18
18.5,18.8,27.8,10.0,55.0,1.8,0.0,-1.35,0.42,-0.65
4.8,3.4,14.0,32.2,45.2,24.2,0.0,-0.42,0.12,-0.28
0.0,0.0,7.0,4.7,4.3,18.7,33.3,0.37,0.43,0.67
21.3,16.3,7.7,0.0,6.0,0.0,30.3,0.23,0.23,0.23
35.0,0.0,2.0,5.0,28.0,0.0,18.8,-1.78,-1.0,-0.18
0.2,0.8,2.0,3.2,0.0,0.0,32.0,-0.55,-0.1,0.1
0.4,0.0,0.0,6.8,11.4,0.0,30.8,0.72,0.98,0.44
0.0,16.0,0.0,14.0,0.0,0.0,29.5,0.22,0.25,0.13
0.0,4.4,13.2,3.8,9.2,20.0,33.0,0.74,0.86,-0.08
67.8,12.0,0.0,0.0,3.2,0.0,20.0,-0.42,1.05,1.55
24.7,35.0,24.3,0.0,34.3,35.0,25.3,-1.57,-0.73,0.23
0.0,14.7,4.7,23.7,2.7,6.7,17.0,-0.37,-1.57,-0.17
0.0,0.0,8.0,5.8,39.2,0.0,0.0,-0.82,-0.82,0.72
0.0,11.8,34.6,0.0,63.8,0.0,0.0,-0.86,0.14,-0.8
22.5,14.0,12.8,8.7,36.5,5.8,22.2,-0.98,-0.88,0.05
69.0,15.7,32.7,0.0,23.7,0.0,3.3,-1.07,-0.07,-1.03
20.2,28.0,0.0,13.0,7.0,0.0,32.8,0.3,0.7,0.25
11.2,6.2,9.0,6.2,22.0,10.0,4.0,-0.08,0.22,-0.05
17.6,21.8,16.0,0.0,14.4,1.0,7.0,-1.72,-1.2,-0.02
0.0,0.0,0.0,14.0,4.2,2.4,53.2,-0.34,-0.34,-0.32
0.0,0.0,0.0,0.0,0.0,0.0,69.3,-0.13,-0.1,0.7
30.7,19.7,9.7,0.0,48.0,6.3,6.3,-0.2,-0.6,0.17
35.3,24.8,13.8,0.0,77.3,0.0,2.0,-1.25,-0.27,-0.02
47.3,35.7,23.7,0.0,62.3,0.0,0.0,-0.87,0.7,-0.5
64.3,60.3,15.0,0.0,36.7,0.0,0.0,-2.3,-1.43,0.87
0.0,20.0,6.4,0.0,45.6,0.0,20.0,-1.3,-0.94,-1.06
12.5,17.5,0.0,31.0,7.5,1.8,30.0,0.65,0.38,1.12
5.4,3.6,0.0,3.6,0.0,1.4,14.8,0.9,0.72,2.26
0.0,0.0,0.0,32.5,12.5,0.0,20.2,0.27,-0.35,0.9
0.0,0.0,0.0,86.2,4.5,11.2,0.0,1.6,0.55,0.72
0.0,0.5,0.0,31.5,3.5,3.5,4.0,0.7,0.8,1.95
0.0,2.5,67.8,0.0,3.0,0.0,0.0,-1.05,-0.32,-1.0
0.0,0.0,0.0,10.0,0.0,0.0,47.0,0.5,0.42,-0.1
0.0,0.0,17.0,0.0,11.0,2.3,33.3,-0.07,-0.23,-0.53
0.0,0.0,0.0,1.7,9.7,8.5,35.0,-0.75,-0.88,-0.65
0.0,0.0,0.0,12.0,7.5,5.5,30.5,0.95,0.7,-0.2
1.8,5.8,10.8,0.0,13.0,9.5,54.0,-0.68,-0.05,-0.52
17.0,24.7,0.0,0.0,26.3,0.0,9.7,-1.83,-1.8,-1.63
0.0,0.0,0.0,0.0,17.7,0.0,52.3,-0.9,-1.57,-0.7
0.0,12.0,0.0,23.2,0.0,0.0,40.0,0.76,0.5,-0.02
2.8,7.5,0.0,0.0,36.8,0.0,32.5,-0.12,0.48,0.55
0.0,10.0,9.2,0.0,2.5,21.0,21.0,-0.57,0.48,1.02
0.0,8.2,0.0,18.2,0.8,25.4,11.2,0.46,0.98,1.28
0.0,0.0,15.0,0.0,24.0,32.2,16.0,-0.26,0.06,-0.48
5.3,21.0,0.0,0.0,51.3,0.0,0.0,-0.63,-0.47,0.0
10.6,26.4,51.4,0.0,96.0,0.0,0.0,-2.14,0.4,-0.48
2.0,3.0,29.5,7.2,41.5,0.0,6.0,-0.9,0.25,0.15
0.0,0.4,11.0,16.0,0.0,4.2,45.0,-0.24,-0.02,0.32
5.3,7.2,2.7,14.8,8.5,0.0,31.2,-0.22,-0.17,0.4
0.0,0.0,10.5,11.5,12.2,4.0,31.0,-0.42,-0.77,-0.4
0.0,0.0,0.0,0.0,0.0,0.0,68.3,0.23,0.37,1.33
0.0,0.0,0.0,0.0,8.7,0.0,63.0,0.4,-1.13,1.23
7.0,6.0,35.2,0.0,46.8,0.0,0.0,-1.52,-0.8,-0.5
0.0,0.0,47.2,0.0,80.8,20.0,5.6,-1.3,-1.04,-0.02
6.3,0.0,8.3,23.7,16.7,28.7,17.0,0.27,-0.1,-0.37
0.0,0.0,1.3,20.7,1.0,0.0,38.3,-0.13,-1.17,0.53
0.0,0.0,0.0,0.0,0.8,0.0,63.6,-0.04,-0.14,-0.26
2.0,0.0,9.0,2.8,5.6,3.0,41.2,-0.34,-0.64,-0.24
0.0,0.0,0.0,2.5,12.0,0.0,71.5,-0.5,-0.4,-0.42
17.2,43.0,9.4,0.0,4.4,0.0,20.0,-0.14,0.7,0.4
0.0,0.0,3.0,28.2,32.0,3.8,1.8,0.92,0.1,-0.3
2.0,26.6,14.8,0.0,32.4,0.0,0.0,-0.58,0.74,0.6
0.0,0.0,0.0,4.0,17.0,24.5,0.0,-0.05,0.15,0.15
4.0,21.8,24.4,7.0,34.8,10.6,15.2,-0.32,-0.52,-0.22
1.4,9.2,16.4,0.0,14.6,10.0,8.6,-0.64,-0.76,-0.42
1.2,15.8,9.0,46.5,1.5,13.8,18.5,0.7,0.65,-0.18
4.2,5.2,7.5,20.8,0.0,4.8,36.0,-0.03,-0.03,0.5
15.8,10.0,7.5,11.5,6.5,6.0,27.8,0.18,0.85,0.78
0.0,0.0,0.0,16.7,0.0,0.3,68.3,-0.5,-0.37,-0.4
14.0,19.0,21.0,0.0,59.5,0.0,0.0,-1.4,-1.8,-2.0
3.0,2.0,1.2,2.4,1.6,21.6,13.2,-0.3,-0.2,-0.42
15.5,10.0,0.0,0.0,7.0,0.0,32.8,0.15,1.0,1.35
3.8,0.0,0.0,40.0,0.0,54.8,3.2,0.45,0.35,0.27
0.0,0.0,0.0,15.0,0.0,11.8,46.0,0.38,0.25,0.22
22.3,16.3,5.3,7.3,6.0,22.7,19.7,0.07,0.1,0.33
3.0,18.0,0.0,11.0,23.5,0.0,0.0,0.4,0.1,0.0
0.0,0.0,0.0,47.8,0.0,6.4,23.0,0.56,0.76,-0.1
0.0,0.0,0.0,50.8,0.0,13.2,19.5,1.3,1.32,0.4
1.4,0.4,2.2,11.4,0.4,4.8,13.4,0.74,0.64,0.36
0.0,0.3,0.0,34.0,0.0,7.7,28.8,-0.07,-0.3,0.43
18.0,4.3,0.7,30.0,0.0,7.3,33.3,-1.13,0.27,-0.97
0.0,18.5,0.7,9.8,3.0,42.8,5.2,-0.03,0.1,0.55
2.5,15.2,1.7,43.0,4.3,14.7,27.7,0.28,1.03,0.48
0.0,11.5,0.0,10.2,0.0,0.0,40.5,0.35,0.22,0.27
6.6,49.4,0.0,3.6,1.8,0.0,33.0,0.56,0.7,0.8
26.0,16.7,13.0,14.0,34.0,12.0,17.0,-0.8,-1.13,-1.23
17.3,27.0,2.7,0.0,7.5,3.2,20.8,0.07,0.37,0.82
0.0,0.0,63.6,0.0,35.4,0.0,0.0,-1.28,-1.38,-1.1
0.0,0.0,29.5,7.0,0.0,26.5,37.2,-0.68,0.1,0.02
4.5,27.0,16.2,0.0,31.5,18.5,13.5,0.0,0.0,-0.1
0.0,0.0,0.8,12.2,4.5,4.8,69.5,0.15,0.25,0.43
4.8,25.4,0.0,11.8,2.8,1.8,47.2,0.64,0.8,0.56
6.3,14.3,4.3,9.0,30.0,0.0,37.0,-1.67,-1.23,-1.53
34.5,26.0,0.0,0.0,6.2,41.0,0.0,-0.8,-0.15,0.65
0.0,18.6,18.0,0.0,9.2,20.0,14.2,-1.02,-0.56,0.88
21.0,13.8,16.0,0.0,59.6,0.0,0.0,-0.62,-0.78,-1.12
0.0,2.8,27.8,11.6,8.8,17.0,16.0,-0.68,0.3,-0.84
0.0,0.2,5.5,50.8,5.0,11.8,18.5,0.42,0.98,0.68
0.0,22.7,5.7,0.0,34.3,18.2,24.0,-1.15,-0.8,-0.12
0.0,0.0,1.4,0.0,18.8,0.0,58.8,0.2,0.2,0.22
0.0,0.0,11.0,45.5,0.0,4.8,10.2,0.52,-0.27,0.57
0.0,1.3,0.0,10.3,0.0,0.0,60.7,0.17,0.23,0.5
7.0,2.5,0.0,2.0,16.5,9.0,0.0,-0.95,-0.95,1.55
0.0,0.0,5.2,3.6,2.2,15.4,8.4,0.06,0.7,0.58
0.0,17.0,0.0,20.6,13.4,37.6,35.2,0.58,1.06,0.7
0.0,0.0,0.0,45.5,0.0,13.0,26.0,0.13,-0.2,0.35
10.2,13.5,0.0,0.0,24.0,7.2,26.8,-0.55,-0.35,-0.28
6.0,9.2,20.5,0.0,15.8,21.2,35.5,-0.68,-0.32,-0.2
3.2,5.8,6.4,11.4,1.6,1.2,22.6,0.04,0.62,-0.8
0.0,4.7,24.7,0.0,0.0,18.7,24.3,-0.43,0.03,-0.6
0.0,11.7,9.7,0.0,56.7,0.0,0.0,-0.83,-1.17,-0.73
1.0,3.2,18.0,8.0,21.5,17.8,26.5,-0.1,-0.28,-0.2
7.0,12.5,12.5,0.0,50.5,20.5,20.2,-1.2,-0.1,0.75
33.0,32.4,11.8,0.0,0.4,13.0,13.2,-0.26,1.0,0.74
0.0,0.0,0.0,0.0,6.0,0.0,56.6,0.0,-0.32,0.64
19.2,21.0,4.2,1.0,32.2,0.0,6.8,-1.1,-1.38,-0.9
0.0,0.0,41.5,4.2,11.0,8.7,23.0,-1.13,-0.95,0.55
0.0,0.0,0.0,47.3,0.0,9.0,35.0,1.27,1.17,0.03
30.2,11.4,1.4,0.0,62.4,0.0,3.4,-1.68,-0.5,-0.78
39.4,17.6,15.8,0.0,64.6,0.4,0.0,-0.32,-0.7,0.34
0.0,0.0,0.0,0.0,12.7,3.3,64.7,-1.2,-0.23,0.73
3.0,4.6,3.8,22.8,2.4,0.0,44.4,0.28,0.38,1.0
0.0,0.0,10.5,1.0,2.5,0.0,30.2,-0.25,-0.32,0.25
21.7,36.0,29.3,12.0,34.3,44.3,15.0,-1.23,0.5,-2.13
0.0,12.3,22.7,0.0,42.7,26.0,23.0,-1.7,-1.43,-0.87
3.2,7.2,29.5,0.0,56.0,0.0,0.0,-1.05,-0.82,-0.98
0.0,0.0,0.0,0.0,47.8,0.0,15.8,-0.2,-0.25,0.55
0.0,0.0,0.0,1.4,3.6,0.0,40.6,-0.34,-0.54,0.26
12.6,18.0,2.2,17.4,9.8,29.0,7.4,-1.06,-0.0,0.5
0.0,0.0,29.2,0.0,12.6,10.6,13.4,-0.82,-0.76,0.4
14.2,27.2,0.0,2.5,11.5,5.8,29.0,-0.98,-0.12,0.4
0.0,0.0,33.7,0.0,42.7,14.0,0.0,0.93,-0.3,0.13
1.3,1.3,0.0,5.0,0.7,1.0,39.0,0.8,0.7,0.77
0.0,28.8,57.4,0.0,21.0,18.2,10.8,-1.22,0.38,0.02
0.0,0.0,0.0,5.6,13.4,1.8,36.6,0.04,-0.7,-0.94
4.8,4.0,9.2,16.6,0.6,0.0,51.2,-0.08,-0.32,-0.48
7.4,8.6,26.0,0.0,41.6,0.0,12.0,-0.88,-0.78,-0.32
37.7,48.0,45.3,0.0,46.3,23.7,8.3,-0.9,-0.27,-0.6
4.2,14.2,48.4,0.0,65.0,0.0,0.0,-1.68,0.68,-0.02
0.0,0.0,0.0,10.6,20.6,2.6,33.4,0.32,0.3,1.0
0.0,0.0,38.0,0.0,43.2,0.0,7.5,-1.38,-1.2,-1.2
0.0,8.2,23.5,0.0,49.0,0.0,25.0,-0.95,-0.62,-0.72
0.0,17.8,26.0,0.0,26.2,5.0,0.0,-1.2,-0.62,0.05
2.4,6.6,9.2,21.2,5.2,8.6,9.8,0.64,0.42,0.88
0.0,11.0,15.2,0.0,37.0,0.0,24.0,-0.52,-0.18,0.46
19.3,12.0,2.7,0.0,37.0,17.3,23.0,-0.57,-0.23,-0.47
11.8,5.2,0.0,0.0,25.0,30.6,0.0,-0.96,-1.02,0.1
1.0,24.0,20.7,0.0,41.3,7.3,42.3,-0.3,0.3,0.63
0.0,6.2,23.5,0.0,13.0,0.0,4.0,0.05,0.1,0.18
7.7,15.7,42.3,0.0,19.3,6.0,33.7,-0.3,-0.77,-0.6
0.0,0.0,28.0,0.0,16.0,0.0,0.0,-0.55,-0.9,0.4
2.5,9.8,13.2,0.0,42.2,0.0,3.8,-1.2,-0.4,0.25
4.0,6.0,0.0,16.8,4.0,47.8,14.6,0.72,1.0,0.5
7.4,4.0,0.0,5.2,13.2,14.8,37.6,0.06,0.5,0.76
0.0,0.0,0.0,59.6,0.0,0.0,19.0,2.3,1.2,0.08
8.5,11.5,0.0,1.5,9.5,4.5,10.5,0.4,0.2,0.2
12.0,17.2,10.2,14.4,0.0,11.8,9.8,0.96,0.34,-0.1
1.2,5.0,0.0,25.0,0.0,0.4,25.6,0.26,1.12,1.14
0.0,17.0,8.6,34.8,8.8,20.8,7.6,0.3,-0.26,-0.14
1.8,1.4,5.8,0.8,4.0,0.0,17.6,0.4,0.8,0.06
4.0,7.3,0.0,0.0,0.0,0.0,59.7,1.2,1.33,1.3
13.3,0.0,0.0,15.7,0.0,0.0,33.3,1.43,1.03,0.67
0.0,3.0,0.8,15.2,1.2,5.0,52.2,0.28,0.0,-0.4
3.0,9.3,8.0,0.0,0.0,0.0,36.0,0.67,0.5,0.53
1.8,1.0,22.4,0.0,7.2,2.0,9.4,-0.86,-1.08,-1.1
2.0,4.0,25.0,0.0,86.5,5.0,0.0,-2.1,-0.4,-0.55
16.0,21.8,19.0,5.0,39.5,6.8,0.0,-1.0,-1.15,-0.75
0.0,0.0,3.3,30.7,5.3,1.7,23.3,-0.6,-0.7,-0.67
6.2,4.0,0.0,46.0,0.0,12.2,0.0,0.55,0.25,0.95
6.4,19.6,6.4,0.0,17.0,0.0,11.8,-0.82,-0.46,0.2
5.0,3.8,0.0,0.0,34.2,0.0,16.8,-1.45,-1.35,-0.52
35.0,33.8,6.8,0.0,76.8,0.0,0.0,-1.66,-1.9,-1.26
0.0,9.4,17.0,0.0,60.2,0.0,14.6,-1.04,-1.38,0.16
7.5,2.5,0.0,0.0,38.8,0.0,2.5,-1.15,-1.18,-1.4
0.0,0.0,0.0,40.3,41.3,3.3,0.0,0.57,0.2,-0.9
0.0,1.6,0.4,0.4,5.8,3.6,72.0,0.52,0.08,0.38
0.0,0.0,0.0,22.0,0.0,0.0,30.8,1.82,0.82,-1.3
0.0,1.5,0.0,0.0,6.8,0.0,24.8,-0.62,-1.03,-0.32
5.0,5.0,27.5,1.2,56.2,5.8,3.8,-0.72,-0.9,-1.23
1.3,0.8,25.0,27.7,8.0,13.8,21.2,-0.07,-0.33,0.17
0.0,0.0,0.0,23.4,0.0,18.0,41.2,-0.2,0.2,0.26
0.0,0.0,0.0,47.3,0.0,0.0,43.7,1.3,1.53,-0.33
0.0,0.0,7.8,36.2,4.2,5.2,18.2,0.28,0.38,0.63
0.0,0.0,0.0,18.8,4.2,0.0,53.5,0.48,-0.15,0.32
3.8,2.5,0.0,22.2,4.2,9.2,31.0,1.3,-0.08,0.92
0.0,1.0,0.0,0.0,65.8,12.0,11.8,-1.0,-0.14,-0.46
5.0,4.0,0.0,31.2,0.0,0.0,36.5,-0.48,-1.0,0.12
9.2,9.2,5.0,14.6,28.4,2.4,3.0,-1.16,-0.9,-0.34
0.0,0.0,0.0,0.0,76.0,9.3,0.0,-1.3,-1.23,-1.57
5.4,6.0,2.2,0.0,55.0,0.4,9.4,-1.78,-1.12,-0.86
3.2,5.3,0.5,13.7,2.8,7.8,31.7,-0.17,0.52,0.22
0.0,0.0,0.0,0.0,23.2,0.0,39.2,-0.82,0.05,0.8
9.6,8.4,0.0,27.2,28.0,32.4,37.8,0.7,0.62,-0.98
10.8,16.4,11.0,11.2,69.8,3.8,1.2,-1.52,-0.08,-0.72
10.2,6.4,0.0,0.0,45.8,0.0,10.0,-1.04,-1.04,-1.1
7.2,9.0,12.4,9.2,50.0,1.2,20.8,-0.5,0.26,-0.2
8.5,0.0,10.7,0.0,86.7,9.3,9.0,-0.2,0.08,-0.15
0.0,10.3,17.7,0.0,86.3,4.7,0.0,-0.47,0.23,0.17
0.0,0.0,0.0,25.0,55.0,3.8,0.0,-0.85,-1.55,-1.02
0.0,16.5,0.0,0.0,45.8,0.0,14.8,-1.52,-0.77,0.25
0.0,2.8,27.8,0.0,48.8,20.0,6.4,-0.82,-1.08,-0.08
20.2,21.6,1.0,0.0,44.6,0.8,0.0,-1.14,-1.54,-0.4
17.0,3.2,4.2,10.4,10.0,2.6,21.0,0.34,-0.12,1.02
5.7,1.5,18.2,0.0,76.5,4.2,1.7,-0.75,-1.53,-0.87
28.0,36.3,26.7,0.0,65.0,5.0,24.0,-1.13,0.57,-0.03
14.4,9.0,11.6,0.0,63.8,0.0,0.0,-1.68,-1.42,-1.5
22.0,4.3,51.0,0.0,39.3,65.3,20.0,-1.53,-0.1,-0.63
44.2,37.8,3.4,0.0,37.2,2.6,5.8,-0.36,-0.2,1.58
11.0,25.2,1.3,6.0,27.7,7.3,14.5,-0.12,-0.87,-0.42
0.0,0.0,0.0,0.0,87.0,0.0,8.5,-1.6,-1.75,0.0
0.0,0.0,0.0,9.5,6.5,0.0,0.0,0.1,0.1,-0.45
15.2,17.8,19.0,0.0,87.0,0.0,0.0,-1.8,-1.02,-1.33
27.5,25.3,15.2,0.0,62.2,20.7,0.0,-1.2,-0.97,-0.05
17.5,6.7,14.7,0.0,95.2,3.8,0.0,-0.72,-0.2,-0.25
0.0,0.0,0.0,0.0,0.0,22.5,43.5,-0.48,-0.45,0.85
0.0,0.0,0.0,0.0,93.3,0.0,0.0,-0.9,-0.9,0.4
3.4,8.0,6.6,0.0,42.0,0.0,12.0,-0.8,-0.46,-1.14
18.0,21.8,8.0,0.0,80.0,14.2,0.0,-1.23,0.1,-1.25
0.0,0.0,0.0,0.0,71.8,0.0,0.0,-1.15,-0.57,0.62
13.0,12.0,14.0,0.0,68.0,13.8,10.0,-1.62,-0.9,0.32
19.7,15.7,71.3,0.0,57.0,2.7,0.0,-0.8,-0.3,-0.67
32.5,30.0,8.0,0.0,76.5,0.0,0.0,-1.35,-1.5,-0.5
6.0,0.0,27.5,0.3,85.8,0.0,0.0,0.65,-0.62,-1.23
0.0,0.0,36.2,0.0,14.6,30.8,1.6,-0.54,-0.52,0.22
33.2,32.8,4.8,0.0,71.4,0.0,0.0,-1.52,-1.96,-1.36
0.2,0.0,34.8,0.0,95.4,20.0,0.0,-1.38,1.08,0.1
13.8,23.4,32.4,0.0,92.8,0.0,0.0,-2.36,0.96,-0.58
0.0,3.8,15.0,0.0,36.5,14.3,16.7,-0.68,-0.1,-0.02
21.7,37.3,47.3,0.0,67.7,21.3,13.7,-1.07,-1.33,-0.43
17.5,0.0,16.2,0.0,90.2,5.0,0.0,-1.23,-0.5,-0.75
0.0,4.7,17.0,0.0,97.0,0.0,0.0,-2.33,-1.7,-2.4
11.0,10.4,47.4,0.0,97.4,0.0,0.0,-2.36,0.78,-0.48
0.0,0.0,20.0,0.0,78.5,0.0,0.0,-1.45,-1.12,-1.25
7.0,8.8,21.8,0.0,76.8,0.0,0.0,-1.1,-0.5,-0.25
5.7,0.0,36.2,0.0,79.7,5.5,0.0,-0.7,-1.1,-0.73
8.4,6.4,19.0,11.4,69.0,0.0,20.0,-0.7,-0.3,0.02
35.0,39.8,1.2,0.0,82.6,0.0,0.0,-1.62,-2.02,-0.92
13.8,14.6,21.2,0.0,61.0,5.4,0.0,-1.06,-0.42,-0.66
11.7,11.7,15.8,0.0,69.2,0.0,15.5,-1.62,-1.35,-0.25
4.0,4.5,5.5,0.0,50.8,0.0,15.0,-1.42,-1.18,-1.58
8.7,2.3,1.5,0.0,45.8,0.0,17.2,-1.35,-0.58,0.1
2.3,0.0,13.7,0.0,73.3,0.0,0.0,-1.2,-0.83,0.2
31.0,37.3,9.3,0.0,69.3,22.3,0.0,-1.97,0.27,-0.53
14.8,23.5,2.0,0.0,71.0,0.0,19.0,-1.78,-0.0,-0.55
0.0,0.0,0.0,0.0,56.0,0.0,18.5,0.6,-0.4,-0.38
25.2,29.8,1.4,0.0,59.6,0.2,0.0,-1.2,-1.32,-1.0
12.2,6.2,8.2,0.0,76.0,4.2,0.0,-1.78,-0.48,-1.2
0.0,8.0,1.8,0.0,41.8,2.0,25.0,-1.62,-1.2,0.42
7.5,5.0,13.0,0.0,46.0,0.0,18.5,-1.45,-1.55,-0.15
34.5,20.0,9.5,0.0,69.0,0.0,0.0,-0.45,-0.2,-0.3
8.4,7.0,7.2,0.0,67.6,17.8,0.0,-1.38,-0.3,-0.4
19.0,11.0,27.7,0.0,68.3,24.3,7.0,-1.33,-1.27,-0.4
16.8,16.6,15.6,0.0,77.2,14.6,0.0,-2.04,-0.54,-1.02
1.7,4.7,21.0,0.0,56.0,0.7,0.0,-0.13,-0.17,-0.13
8.2,14.0,6.2,0.0,66.0,2.2,0.0,-1.14,-0.9,-0.02
3.0,0.0,28.0,0.0,82.2,14.0,0.0,-1.1,-0.34,-0.44
28.4,23.8,3.2,0.6,61.2,0.0,0.0,-1.34,-1.42,-0.38
26.0,10.7,4.0,0.0,79.7,0.0,0.0,-0.77,0.13,-0.47
5.0,4.2,12.2,0.0,64.5,0.0,0.0,-1.45,-0.65,-1.28
0.0,0.0,10.2,0.0,65.5,0.0,16.8,-1.12,-0.98,-0.75
2.4,1.0,30.4,0.0,42.0,0.0,13.4,-0.82,-0.36,0.52
33.0,23.5,3.5,0.0,73.0,0.0,0.0,-1.3,-1.65,-1.8
12.6,8.2,47.2,0.0,90.8,9.8,0.0,-2.0,0.7,-0.58
34.7,41.0,38.7,0.0,88.7,13.3,0.0,-1.5,-0.97,-0.73
9.5,19.2,3.8,0.0,55.0,0.0,44.8,-1.18,-1.65,-0.37
36.8,8.0,18.8,0.0,78.2,15.4,0.0,-1.26,-0.24,0.78
86.0,31.3,0.0,0.0,15.3,0.0,0.0,-1.17,-0.1,1.27
7.0,8.2,0.0,0.0,27.4,11.4,8.8,-0.68,-0.36,1.04
18.2,23.5,14.3,0.7,39.5,6.2,18.7,0.67,-0.15,-0.42
1.0,7.0,6.0,0.0,25.7,32.0,0.0,-0.47,-0.4,0.67
73.0,78.4,3.2,0.0,38.6,0.0,0.0,-1.32,1.78,0.54
28.0,44.5,2.8,0.0,11.8,11.0,0.0,-0.65,-0.92,0.9
73.0,34.0,0.0,0.0,33.2,0.2,0.0,-1.78,0.06,1.82
64.0,15.5,21.5,0.0,31.0,0.0,0.0,0.2,0.5,1.4
20.0,16.3,8.7,0.0,63.7,0.0,18.0,-0.47,-0.07,-0.83
2.4,35.0,14.6,0.0,66.4,0.0,0.0,-1.4,0.7,-0.04
6.0,2.3,20.3,0.0,20.0,0.0,27.7,-0.5,-0.1,0.1
17.2,17.5,6.2,0.0,66.8,0.0,3.5,-1.78,-0.15,-0.05
14.0,26.8,18.0,0.0,82.5,3.0,0.0,-2.2,0.4,-1.1
28.5,18.5,5.5,0.0,57.5,0.0,0.0,-1.6,-1.9,-0.25
48.4,23.6,1.2,0.0,61.6,0.0,0.0,-1.78,-0.02,-0.04
53.5,69.8,0.0,0.0,35.8,1.5,0.0,-0.13,0.92,0.78
24.2,25.0,0.0,14.0,26.2,0.2,0.0,-0.7,0.58,1.25
37.8,13.2,28.4,0.0,85.2,23.4,0.0,-0.9,-0.22,-0.88
22.5,27.5,0.0,15.8,8.0,21.2,0.0,0.0,-0.1,-0.38
9.3,20.7,8.7,0.0,0.0,21.0,42.7,-0.07,1.1,0.53
17.8,49.0,0.0,0.0,30.8,21.4,0.0,-0.52,0.66,0.46
7.0,21.2,19.5,0.2,59.8,0.0,0.0,-1.02,-0.33,-0.3
19.8,31.0,0.0,0.0,3.0,6.4,19.0,-0.54,1.12,1.06
24.3,10.7,0.0,0.0,0.0,0.0,37.0,-0.33,0.23,0.3
13.0,33.8,9.0,0.0,25.2,26.5,16.2,-0.35,-0.68,0.3
29.3,24.0,6.8,0.3,23.7,0.0,26.0,-0.9,1.05,0.62
27.4,21.0,26.2,16.0,34.2,45.2,0.0,-0.82,0.18,-0.42
44.0,30.7,15.3,0.0,31.0,14.0,18.7,-1.1,0.13,0.2
5.8,34.5,0.0,0.0,2.2,12.2,5.0,-0.8,0.73,0.5
84.0,35.2,6.0,0.0,0.0,12.5,0.0,-1.95,1.55,0.22
36.0,53.5,7.8,12.5,16.8,0.0,3.2,-0.8,-0.07,-0.55
21.2,49.8,3.5,3.2,36.0,6.5,0.0,-0.45,-0.1,0.85
6.0,4.2,0.0,0.0,0.4,0.6,32.2,-0.16,0.04,-0.02
16.0,18.0,22.4,0.0,20.0,35.8,7.4,-0.12,-0.14,0.78
17.5,28.0,15.0,0.0,32.0,0.0,0.0,-0.8,-1.05,1.05
80.6,72.2,0.0,0.0,36.0,0.0,0.0,-1.08,-0.42,-0.78
38.0,38.6,38.8,0.0,52.8,24.0,6.6,-1.38,-1.18,-0.04
69.0,41.8,0.0,15.5,1.5,0.0,0.0,0.22,1.83,1.32
62.5,17.0,9.2,5.7,25.5,3.2,7.0,-0.73,0.55,-0.37
32.2,36.0,5.5,11.8,38.5,17.2,0.0,-0.98,0.43,1.05
72.4,38.4,13.0,0.0,14.0,14.2,0.0,-0.26,1.04,0.36
47.0,54.8,2.2,0.0,96.4,0.0,0.0,-2.16,0.68,0.12
24.3,2.0,13.7,0.0,5.0,7.7,4.7,-0.53,-0.5,0.5
64.0,25.5,21.0,0.0,21.5,0.0,0.0,0.02,0.6,1.4
30.8,50.2,16.8,0.0,25.5,0.0,0.0,-0.5,0.25,0.85
61.2,38.4,3.0,0.0,9.4,10.4,0.0,-1.0,-0.42,-0.18
48.5,19.8,10.8,2.2,25.0,16.5,0.0,-1.33,-0.65,0.0
47.8,35.0,17.2,2.0,17.6,42.6,1.6,-0.7,0.56,0.3
24.0,30.7,10.7,22.7,26.3,16.7,16.3,-0.5,0.8,-0.83
13.0,38.7,13.0,0.0,31.0,28.7,20.0,-0.73,-0.23,-0.63
23.7,31.7,12.3,0.0,16.3,26.0,25.3,-0.23,-0.6,-0.9
15.8,33.2,17.4,0.0,83.2,0.0,0.0,-1.96,1.26,-0.1
15.6,32.6,0.0,0.0,18.0,0.0,9.4,-0.3,-0.08,0.62
15.5,40.2,0.0,0.0,6.8,20.8,0.0,-0.48,0.48,0.73
18.8,12.8,1.0,0.0,9.4,8.6,23.4,-0.28,-0.06,0.16
27.0,52.7,8.3,0.0,40.0,6.0,10.0,-0.13,-1.1,-0.4
52.0,13.4,30.6,6.2,28.2,21.8,3.2,0.24,0.18,0.06
23.8,20.5,15.7,0.0,13.2,10.0,12.3,0.2,0.03,-0.45
49.8,32.6,18.0,0.0,24.4,3.4,4.4,0.28,0.3,0.92
48.2,39.2,3.0,0.0,26.8,20.5,0.0,-0.35,-0.62,-0.2
0.0,0.0,0.0,15.7,16.0,17.3,45.0,0.23,0.73,1.27
11.3,2.3,0.3,0.0,34.7,0.0,35.0,-0.67,-0.03,-0.9
30.6,18.0,15.4,12.6,38.4,17.8,0.0,-1.26,-0.04,-0.32
34.0,22.3,6.3,0.3,8.0,40.0,0.0,0.23,0.3,-0.2
28.0,19.8,11.8,1.2,12.2,16.5,14.8,-0.5,1.27,0.8
29.5,42.7,10.0,0.0,8.3,8.2,19.2,-0.42,0.32,0.0
25.2,42.2,0.0,0.0,20.8,0.0,0.0,-0.26,-0.2,1.3
38.2,52.2,0.0,8.0,14.0,0.0,13.6,-0.88,1.02,-0.3
19.2,26.5,1.5,0.0,30.5,2.0,25.0,-0.82,0.22,-0.02
21.0,34.5,0.0,0.0,17.5,2.5,0.0,-0.1,-0.3,-0.25
25.0,55.8,10.2,0.0,22.2,40.5,0.0,-1.0,0.25,0.32
48.0,38.0,10.5,0.0,29.5,0.0,0.0,-1.1,-1.05,0.7
37.2,41.0,17.4,0.0,77.8,0.0,0.0,-1.7,-1.8,-1.44
0.0,0.0,0.0,61.4,0.0,22.8,7.8,1.46,1.06,0.26
12.3,10.0,8.0,0.0,88.8,4.3,0.0,-1.33,-0.6,-0.73
0.0,0.0,0.0,87.3,0.0,0.0,9.0,1.63,0.97,0.4
0.0,0.0,0.0,91.3,0.0,0.0,6.3,1.9,0.8,-1.4
0.0,0.0,0.0,71.6,2.4,28.0,0.0,1.74,0.7,0.02
0.0,0.0,0.0,84.2,0.0,32.0,0.0,1.3,1.7,0.6
0.0,0.0,0.0,75.5,0.0,11.5,11.2,1.85,1.48,0.88
0.0,0.0,0.0,47.8,0.0,0.0,29.6,0.72,0.82,0.32
0.0,0.0,0.0,59.0,0.0,23.0,7.2,1.8,1.88,1.12
0.0,0.0,1.8,47.6,0.0,0.0,20.0,0.78,0.8,0.28
0.0,0.0,0.0,85.0,0.0,13.5,0.0,1.5,0.95,0.05
0.0,0.0,0.0,71.0,0.0,3.2,14.2,1.6,0.95,1.2
0.0,0.0,0.0,66.3,0.0,1.0,46.7,1.8,1.57,1.33
0.0,0.0,0.0,96.0,0.0,0.0,2.4,2.26,1.96,-0.9
0.0,0.0,0.0,82.6,1.0,20.8,2.4,1.76,0.74,0.36
4.5,2.2,2.2,60.8,0.0,7.8,6.0,0.52,0.25,-0.22
0.0,36.0,13.0,43.5,9.5,0.0,0.0,0.52,0.58,0.05
13.8,31.8,23.5,0.0,84.5,3.2,0.0,-1.85,-1.12,-0.92
37.0,22.5,0.0,0.0,88.0,0.0,0.0,-2.1,-2.15,-0.55
6.8,9.8,11.6,0.0,49.2,8.2,0.0,-0.96,-0.4,-0.48
14.8,17.6,2.2,0.0,72.2,0.0,7.0,-1.76,-1.24,-0.28
4.7,10.5,7.7,0.8,56.8,0.0,3.8,-0.33,-0.8,-0.2
19.0,9.4,9.8,0.0,68.6,1.8,0.8,-0.96,-0.9,-0.34
13.2,31.8,25.5,0.0,75.2,2.5,0.0,-2.03,-0.55,-1.4
8.0,9.2,7.0,0.0,67.0,8.0,0.0,-1.44,-0.04,-0.32
1.7,0.0,16.5,0.0,88.3,2.8,0.7,-1.95,-0.08,-0.33
26.0,12.3,4.0,23.0,19.3,0.0,0.0,-0.27,0.77,-0.13
12.7,12.7,7.3,0.0,0.0,19.3,59.0,0.43,1.0,-0.23
0.0,0.0,25.5,0.0,20.5,0.0,0.0,-1.65,-1.35,-1.8
3.2,10.0,88.2,0.0,25.8,0.0,0.0,-0.92,0.06,-0.24
0.0,26.6,10.2,0.6,0.0,20.0,11.0,-0.84,-0.1,-0.18
0.0,0.5,37.7,8.8,29.2,9.2,29.5,-0.35,-0.35,-0.35
0.0,0.0,41.8,0.0,10.6,31.2,5.0,-0.94,0.52,-0.84
2.8,35.4,4.2,0.0,34.8,13.6,10.8,-0.64,0.36,0.04
9.2,11.6,25.0,0.0,39.0,6.8,3.2,-1.42,-0.64,-0.96
0.0,0.0,73.5,26.0,0.0,43.8,0.0,-0.6,0.75,-0.3
13.0,10.0,31.2,26.8,5.8,21.0,2.3,-0.93,0.93,0.27
7.5,49.8,10.2,0.0,1.8,10.5,28.8,-0.1,0.45,-0.6
0.0,67.5,0.0,0.0,0.0,16.8,0.0,-0.82,-0.62,0.12
0.0,0.0,4.0,0.0,15.4,0.0,34.0,0.06,-0.12,0.06
7.2,5.0,30.5,0.0,44.2,31.3,9.0,-1.52,0.28,-0.12
0.0,71.0,0.0,0.0,0.0,0.0,10.8,-0.62,-0.75,-0.32
0.0,0.0,9.2,0.0,11.4,44.0,0.0,-0.98,-1.04,-0.78
30.4,13.8,21.0,0.0,63.4,10.0,1.6,-1.04,-0.9,-1.0
27.2,29.8,0.0,0.0,31.0,8.0,25.0,-1.18,-0.95,0.8
37.0,46.0,29.6,0.0,37.2,20.8,0.0,-1.1,-0.64,-0.36
79.0,13.7,17.7,0.0,15.7,0.0,0.0,-0.7,0.63,0.63
23.8,49.8,3.2,0.0,0.0,0.0,18.8,0.43,1.08,0.22
11.5,11.5,0.0,6.0,22.5,0.0,0.0,-0.85,-0.5,-0.6
47.0,25.6,6.2,0.0,9.0,2.0,0.0,-0.38,0.4,1.0
42.2,42.8,22.8,0.0,25.4,15.2,6.2,-0.96,0.24,-0.06
33.8,47.2,6.4,0.0,22.6,0.0,0.0,-0.46,-0.08,0.9
35.7,46.0,31.7,0.0,70.7,9.7,0.0,-0.83,1.13,-1.43
0.0,0.0,9.2,12.5,5.2,0.0,37.8,-0.52,-0.02,-0.6
40.2,29.6,14.6,0.0,34.6,1.0,0.0,-1.18,-0.1,0.1
22.0,37.8,0.0,36.8,0.0,20.0,0.4,1.44,1.64,1.2
54.2,36.5,9.5,0.0,16.5,0.0,0.0,-1.82,-0.4,-0.4
56.0,41.0,0.0,0.0,31.8,0.0,0.0,-0.72,1.34,0.54
38.2,29.6,5.6,0.0,29.8,2.6,0.0,-1.42,-0.12,-0.06
10.4,22.0,11.2,26.2,10.2,14.8,26.8,-0.24,-0.2,0.38
14.0,16.5,2.8,0.0,20.8,0.0,30.5,-1.45,-1.23,-0.18
13.8,14.3,17.3,5.8,13.0,19.5,13.7,-0.7,-0.1,-0.12
37.0,17.6,11.2,8.0,20.4,14.2,12.0,-0.6,0.2,0.22
22.4,21.2,7.2,0.0,7.4,3.0,0.0,-0.84,-0.14,-0.48
27.6,37.2,5.0,0.0,26.4,17.8,0.0,-0.3,0.14,0.6
23.7,39.5,13.5,0.8,16.7,20.0,0.0,-0.18,0.45,0.73
15.2,10.2,20.8,0.0,37.2,12.8,8.2,-0.82,-1.18,-0.88
55.4,8.8,7.2,0.0,58.2,0.0,0.0,-2.14,-0.04,-0.76
40.2,13.2,0.0,0.0,23.8,52.8,0.0,-0.9,0.2,0.48
14.8,24.4,2.4,18.4,20.4,0.0,3.2,-0.0,0.24,0.12
42.2,36.5,0.0,0.0,0.0,25.0,18.5,0.6,1.4,0.4
26.8,27.8,6.8,0.0,9.2,0.0,29.0,-0.4,1.27,-0.05
48.7,15.8,17.2,0.0,32.0,3.3,3.3,-0.85,0.22,0.22
60.8,29.5,10.2,0.0,10.5,7.0,2.0,-1.08,0.9,0.48
27.6,34.8,16.8,14.6,3.6,0.0,23.2,-0.58,0.56,0.14
48.4,29.0,21.6,0.0,79.4,15.4,1.6,-0.32,1.48,-0.94
25.8,9.0,12.0,1.5,2.5,7.5,15.0,0.42,0.57,-0.3
16.0,42.7,11.7,0.0,27.7,3.7,16.7,-1.03,-0.23,-0.47
0.0,6.0,0.0,43.0,0.0,27.0,36.0,1.2,1.57,0.2
0.0,0.0,0.4,47.6,0.0,10.4,33.2,0.44,0.88,0.38
0.0,0.0,0.0,0.0,0.0,27.0,52.7,1.07,0.93,0.13
2.7,3.7,2.7,46.0,0.0,13.3,45.3,0.9,0.87,0.5
6.5,5.8,12.0,12.0,4.5,11.2,18.5,-0.12,0.2,-0.52
0.0,0.0,0.0,98.0,0.0,23.0,0.0,2.15,2.05,1.5
19.0,32.0,0.2,0.0,2.0,12.4,12.0,-0.58,0.78,0.14
89.8,10.8,0.0,0.0,0.0,0.0,0.0,-0.58,1.58,0.48
38.0,24.3,8.7,27.3,12.0,7.3,0.0,0.4,1.7,0.1
3.3,0.0,0.0,24.7,15.7,0.0,30.0,-0.03,-0.57,-0.47
0.0,12.8,7.2,49.2,3.0,14.0,12.5,-0.07,1.18,0.88
17.2,35.8,0.0,0.0,15.0,13.4,0.0,-0.54,-0.28,0.86
2.6,11.0,6.8,0.0,2.8,46.4,0.0,-0.44,0.86,0.32
0.0,0.0,0.0,90.0,0.0,0.0,0.0,1.67,0.8,0.9
26.7,13.3,0.0,0.0,21.3,50.7,29.3,-1.13,1.1,-0.0
13.0,5.0,12.7,1.0,6.3,50.7,0.0,0.03,0.63,0.47
4.0,17.5,0.0,0.0,5.2,24.0,25.0,0.8,0.28,0.0
24.2,24.5,0.0,0.0,89.0,0.0,0.0,-2.5,-1.4,-1.0
30.4,35.6,0.0,0.0,19.4,5.4,0.0,-0.5,-0.12,0.26
49.7,44.3,0.0,0.0,24.3,9.7,0.0,-0.77,0.5,0.73
26.0,12.7,0.0,0.0,91.3,0.0,0.0,-0.7,0.6,-0.87
20.8,62.4,0.0,0.0,12.8,17.0,0.0,-0.94,1.08,0.12
13.8,36.0,9.8,0.0,76.8,6.0,0.0,-2.18,-0.2,-1.36
13.4,12.8,11.6,8.2,20.4,8.4,0.0,0.18,0.38,0.14
31.4,43.6,3.0,0.4,31.8,24.0,0.0,-0.5,-0.26,0.26
6.8,9.0,22.8,0.0,68.3,10.8,1.3,-1.05,0.4,-0.27
9.8,43.5,1.8,0.0,55.2,9.8,0.0,-0.97,-0.32,-0.08
56.3,49.2,2.5,0.0,34.7,2.7,9.0,-0.75,1.2,-0.13
9.5,25.8,0.0,0.0,46.0,7.5,42.8,-1.55,-0.88,-0.4
2.0,12.0,6.5,15.0,12.5,0.0,7.0,0.95,0.75,0.35
0.0,9.5,0.0,30.8,22.2,0.0,14.2,-0.18,0.0,0.8
2.0,0.0,0.0,12.8,0.0,10.0,23.8,-0.46,-0.06,-0.56
0.0,0.0,0.0,51.0,0.0,0.2,8.6,0.54,1.2,0.0
0.0,0.0,0.0,5.0,0.0,4.0,56.7,0.23,0.23,0.4
25.0,15.0,0.0,0.0,55.8,18.2,0.0,-0.72,0.28,-0.68
40.5,39.8,6.8,0.0,25.8,1.3,0.0,-0.62,0.68,-0.48
6.8,12.8,0.8,30.4,11.6,4.0,10.0,0.46,-0.44,0.36
0.0,49.0,0.0,7.0,7.5,0.0,0.0,-1.2,-1.1,-1.35
37.6,7.8,21.8,3.0,37.6,10.0,9.4,-1.18,-0.12,-0.16
0.0,0.0,0.0,0.0,39.5,0.0,40.8,-0.38,-0.6,0.15
21.0,42.0,16.0,0.0,19.3,25.3,0.0,-0.23,-0.2,0.33
13.0,31.8,0.0,0.0,18.0,8.2,6.2,-1.1,0.15,0.27
10.0,3.5,43.3,0.0,25.5,21.0,18.5,0.28,-0.8,0.07
18.8,21.8,23.5,0.0,41.0,21.8,39.2,-1.42,-0.6,-0.5
0.0,0.0,0.0,33.4,3.4,3.6,35.8,0.48,-0.14,0.64
0.0,0.0,1.2,31.8,22.2,15.8,21.8,-0.7,0.6,0.38
0.0,24.8,0.0,0.0,0.0,0.0,44.4,0.36,0.62,0.56
30.2,38.8,3.2,0.0,24.5,29.2,29.2,-0.8,-0.55,0.12
31.5,17.5,0.0,0.0,2.8,0.0,30.0,-0.4,-0.68,0.5
21.3,10.7,5.7,0.7,19.0,11.3,33.3,-1.23,0.1,-1.37
25.0,25.0,0.0,4.0,28.8,4.5,0.0,-1.3,-0.78,-0.15
3.7,0.0,0.7,5.3,10.0,44.0,33.3,0.0,0.63,-0.03
15.0,15.2,14.6,0.0,3.4,16.6,24.8,-0.4,0.14,0.92
0.0,7.5,0.0,0.0,1.0,16.2,48.0,0.15,0.0,0.57
11.2,13.6,0.0,0.0,0.0,1.8,45.0,-0.46,0.84,0.22
9.6,11.6,0.0,0.0,1.4,0.0,24.8,-1.3,0.22,-0.94
22.7,37.7,7.3,4.0,32.7,5.0,25.0,-1.37,-0.27,-0.9
0.0,14.2,0.0,32.5,13.5,0.0,16.2,0.65,0.72,0.3
21.0,21.2,0.0,0.0,5.2,11.4,17.6,-0.14,0.58,1.0
2.5,4.2,11.5,0.0,3.8,0.0,17.5,-0.55,0.4,-0.23
0.0,11.5,0.0,5.2,0.0,0.0,31.5,0.35,-0.13,1.3
0.0,0.0,0.0,78.0,0.0,3.2,2.0,1.78,1.15,-0.48
0.0,7.2,22.2,0.0,1.6,6.2,4.8,-1.28,-1.32,-1.24
0.5,0.0,1.2,9.0,9.0,14.5,39.2,0.67,-0.07,0.58
2.7,20.0,7.0,0.0,83.7,0.0,0.0,-2.4,-1.83,-2.53
0.0,19.3,13.3,53.3,1.3,0.0,0.0,0.2,0.87,-1.3
0.0,0.0,0.0,12.5,0.0,1.8,31.8,0.22,0.2,-0.78
0.0,0.0,2.4,19.4,13.2,5.2,23.8,-0.1,-0.2,-0.68
5.3,4.7,3.0,43.0,0.0,12.7,18.3,1.0,0.63,-0.6
0.0,0.0,0.0,14.5,0.8,5.8,54.5,0.52,0.5,-0.38
0.0,0.0,1.8,59.2,0.0,19.8,27.0,1.18,1.25,-0.03
5.0,0.0,28.8,0.0,63.8,0.0,1.8,-1.5,0.22,-1.32
0.0,0.0,0.0,32.2,0.0,1.4,34.4,-0.1,0.32,-0.56
0.0,0.0,8.8,0.6,1.6,0.0,49.0,-0.28,-0.06,-0.3
0.0,0.0,0.0,52.5,3.0,1.5,23.8,0.5,0.22,0.3
0.0,1.2,10.2,51.5,6.2,15.8,9.8,0.05,0.9,-0.78
1.5,1.8,28.8,4.2,51.5,5.2,0.0,-1.38,-0.35,-1.42
0.0,0.0,6.6,41.2,5.0,11.2,2.8,0.52,0.36,-0.84
0.7,20.2,41.5,4.3,26.7,1.0,0.8,-0.9,-0.4,-0.8
0.0,0.0,0.0,46.0,0.0,7.8,10.5,0.25,0.25,-0.03
12.7,15.3,3.0,0.0,31.7,1.3,30.0,-0.93,-0.73,-0.93
0.0,0.0,11.0,30.7,0.0,16.0,44.0,0.33,0.9,-1.1
0.0,10.8,4.5,1.7,21.8,5.2,32.2,-0.33,-0.48,-0.73
0.0,0.0,1.4,44.0,1.6,25.0,0.0,0.62,0.72,-0.44
0.0,17.0,0.0,24.2,0.0,0.0,35.2,0.52,-0.45,0.1
0.0,0.0,12.8,10.2,1.6,2.8,5.2,-0.32,-0.26,-0.78
22.5,17.5,0.0,33.0,31.0,0.0,3.5,0.0,0.15,0.5
0.0,0.0,0.0,67.3,0.0,20.3,0.0,0.43,0.43,-0.63
0.0,0.0,3.2,31.2,7.2,3.6,25.6,0.26,0.18,0.64
22.8,28.6,16.0,0.0,51.8,18.0,4.2,-0.82,0.8,-0.6
4.8,7.8,17.0,9.2,4.2,0.0,47.4,-0.02,-0.36,-1.1
2.4,0.0,0.0,34.2,0.0,0.0,26.4,0.68,0.84,-0.52
9.6,13.0,14.2,0.0,12.4,0.0,3.2,-1.44,-1.42,-0.7
0.0,0.0,14.2,0.0,14.4,9.6,35.4,-0.02,0.4,-0.66
0.0,12.6,21.6,18.6,25.0,44.4,8.8,-0.46,-0.66,0.16
0.0,2.5,16.0,0.0,14.5,0.0,0.0,-1.0,-1.35,-1.55
0.0,0.0,12.0,9.0,2.0,18.7,34.3,-0.23,0.33,-0.9
5.5,24.2,2.2,24.8,13.8,9.0,32.8,-0.8,-0.45,-0.7
0.0,0.0,0.0,8.0,1.4,12.2,18.2,0.62,0.02,-0.06
1.0,11.0,0.0,32.2,5.0,0.0,5.5,0.0,-0.45,-0.08
0.0,0.0,0.0,42.3,0.0,21.7,12.7,0.17,0.7,-0.17
0.0,8.4,55.4,0.0,16.4,0.0,22.2,-0.22,0.64,-0.4
0.0,0.0,11.5,3.0,0.0,17.0,0.0,-1.05,-1.2,-1.5
0.0,0.0,0.0,5.5,6.5,3.0,0.0,-1.2,-1.4,-2.0
0.0,0.0,33.4,3.2,0.8,1.6,0.0,-0.8,-1.02,-1.12
5.0,0.0,0.0,0.0,78.5,0.0,0.0,-1.68,-0.22,-0.27
0.8,2.0,29.2,21.2,0.2,34.2,14.5,-0.1,-0.77,-1.05
0.0,0.0,5.0,0.0,12.5,0.0,4.0,-1.15,-1.2,-1.25
0.0,1.7,1.8,66.7,2.0,5.7,3.0,0.0,-0.15,-0.35
0.0,20.0,28.2,6.2,49.0,0.0,23.8,-1.06,-1.44,-1.36
25.0,0.0,3.2,9.5,0.0,15.5,6.8,-0.35,0.22,-0.38
0.0,1.5,25.0,3.8,32.8,5.2,12.5,-0.68,-1.18,-0.47
0.0,0.0,0.0,64.0,6.0,4.2,17.2,0.62,0.85,-0.62
9.6,2.4,1.6,14.6,16.2,0.0,4.0,-0.52,-0.1,-0.82
0.0,0.0,0.0,68.2,0.0,13.0,1.2,1.5,1.48,-0.96
0.0,0.0,11.8,1.0,0.0,0.6,27.8,0.02,0.3,-1.18
11.7,42.7,16.0,33.0,25.3,17.0,10.0,-1.03,-0.43,-0.63
4.4,3.2,16.6,0.8,9.6,1.6,0.0,-0.64,-0.72,-0.52
0.0,0.0,0.0,81.5,4.5,0.0,0.0,1.15,0.88,-0.88
12.5,6.2,1.2,7.0,24.0,1.2,34.5,-0.78,-0.98,-0.22
0.0,0.0,0.0,45.2,0.0,1.2,10.6,0.86,1.08,0.52
0.0,0.0,0.0,16.5,0.0,84.0,0.0,0.62,1.55,-0.1
0.0,0.0,0.0,63.0,0.0,72.5,0.0,1.45,1.73,0.62
0.0,0.0,2.4,27.6,0.0,58.0,13.6,0.34,0.68,0.14
0.0,0.0,0.0,47.5,0.0,50.0,17.5,1.18,1.88,0.9
0.0,0.0,0.0,93.3,0.0,59.0,0.0,0.4,0.8,-1.73
0.0,0.0,0.5,76.7,0.0,50.8,0.8,1.75,1.18,-0.13
0.0,10.0,0.0,42.0,0.0,88.8,0.0,1.3,1.15,0.25
0.0,0.0,0.5,43.7,0.0,72.3,0.0,0.87,1.67,-0.3
0.0,0.0,0.0,47.8,0.0,59.4,0.0,0.76,1.18,0.14
0.0,0.0,0.0,70.4,0.0,91.8,0.0,2.1,1.86,-0.1
0.0,0.8,0.0,70.0,4.5,87.8,2.5,1.8,1.88,0.55
0.0,0.0,0.0,51.0,0.0,64.6,12.0,0.8,1.62,0.52
0.0,0.0,0.0,71.4,0.0,75.8,16.0,1.48,1.68,0.08
0.0,0.0,0.0,47.0,0.0,85.2,0.0,1.88,2.07,-0.95
0.0,0.0,1.8,84.5,0.0,69.0,0.0,2.25,2.6,-0.42
0.0,0.0,0.0,58.8,0.0,58.0,0.0,1.44,1.32,-0.02
0.0,0.0,0.5,53.0,0.0,94.0,0.0,1.58,2.65,1.05
0.0,0.0,1.7,57.5,0.0,73.7,0.0,1.67,1.7,0.23
0.0,23.0,9.0,30.8,0.0,95.8,0.0,0.62,2.7,-1.25
0.0,0.0,1.0,50.8,0.0,69.0,0.0,1.56,1.74,0.34
34.0,9.0,13.0,35.5,21.8,17.8,19.7,0.33,1.47,-0.07
0.0,5.2,0.0,13.5,0.0,65.5,25.2,0.68,1.3,-0.1
0.0,0.0,0.0,26.3,24.7,59.0,0.0,0.6,1.03,0.0
0.0,0.0,0.0,42.6,0.0,56.4,26.2,1.2,0.88,0.3
0.0,0.0,0.0,60.6,0.0,95.4,0.0,2.38,2.54,1.16
0.0,0.0,0.0,19.2,8.6,79.8,0.0,1.38,1.66,0.32
67.0,40.8,2.2,0.0,18.8,4.4,0.0,0.32,0.64,2.02
0.0,3.7,0.0,0.0,0.0,25.3,40.0,0.33,0.57,0.87
62.5,15.0,1.5,1.5,0.0,20.0,7.5,-0.45,0.8,1.3
31.3,38.7,0.0,7.3,0.0,44.3,0.0,-0.47,1.17,-0.43
16.0,0.0,3.0,2.5,5.5,0.0,1.5,1.05,0.9,2.1
63.0,50.0,3.0,0.0,15.0,0.0,0.0,-1.58,0.96,0.88
7.2,4.2,7.8,0.0,0.8,2.4,32.4,-0.08,0.28,0.36
66.5,52.0,3.0,0.0,73.0,0.0,0.0,-1.5,-0.62,0.38
62.3,5.0,0.0,0.0,0.0,0.0,0.0,-0.6,0.7,2.5
82.7,18.7,0.0,0.0,10.0,0.0,0.0,-1.13,-0.3,1.97
46.0,27.2,9.2,0.0,40.0,4.0,0.0,-0.48,0.78,2.4
42.4,22.0,1.0,0.0,5.2,0.0,28.4,-0.56,0.72,0.78
30.6,6.4,0.0,0.0,14.2,10.0,16.6,-0.7,-0.4,0.98
51.5,24.2,8.8,1.2,19.0,0.0,0.0,-0.05,0.7,2.35
37.3,28.3,4.7,0.0,0.0,26.0,0.0,-0.6,-0.53,0.63
35.0,5.6,6.8,0.0,6.6,10.0,23.2,-0.54,0.02,0.2
11.3,17.7,3.3,0.0,7.3,6.7,35.3,0.6,1.07,1.5
17.3,29.3,12.0,0.0,17.0,35.7,23.3,-0.23,-0.2,0.03
47.0,20.0,0.0,0.0,8.8,6.2,0.0,0.3,0.57,2.62
87.0,45.0,17.5,0.0,30.8,0.0,0.0,-0.8,1.02,2.68
87.5,33.0,8.5,0.0,27.0,0.0,0.0,-0.2,-0.45,2.3
58.6,67.8,0.0,0.0,39.4,0.0,2.2,-0.16,-0.02,2.38
64.8,51.0,6.2,0.0,23.0,2.0,0.0,-1.02,0.13,2.02
75.2,35.3,6.8,0.0,8.8,6.2,0.0,-0.63,0.67,1.23
3.6,5.2,8.0,0.0,7.2,0.0,58.0,0.12,0.38,1.36
83.4,61.6,18.0,0.0,30.4,0.0,0.0,-0.34,1.96,2.2
3.2,8.7,0.0,34.0,1.3,58.0,7.5,1.02,-0.08,0.33
52.5,10.0,0.0,0.0,12.5,0.0,0.0,0.95,0.85,2.35
85.5,36.2,0.0,0.0,1.0,0.0,0.0,-1.62,1.52,1.55
28.8,49.8,5.5,0.0,13.0,31.8,14.8,0.2,-0.42,1.2
56.0,32.2,6.0,6.8,18.0,3.2,0.0,-0.97,1.0,2.22
42.7,95.3,0.0,0.0,16.7,0.0,0.0,-1.13,0.1,1.7
48.6,45.2,3.6,0.0,55.2,0.0,0.0,-1.44,-1.58,-0.32
19.0,19.8,18.0,10.0,1.4,21.8,17.2,0.9,0.54,-0.02
22.3,94.3,0.0,0.0,12.7,0.0,0.0,-0.63,0.47,0.63
54.5,54.8,16.2,0.0,39.2,11.2,2.5,-1.45,-0.0,1.4
9.5,45.8,0.0,0.0,16.0,21.5,4.5,-1.1,-0.1,1.15
9.8,10.8,0.0,11.0,2.0,18.6,28.4,-0.32,-0.02,1.44
36.8,71.2,0.0,0.0,9.6,10.6,0.0,-1.82,-0.02,0.72
17.2,63.2,0.0,0.0,5.2,2.5,0.0,-0.05,0.25,0.58
59.2,67.6,0.0,0.0,15.8,0.0,0.0,-0.42,1.44,0.32
60.5,48.5,0.8,0.0,0.0,0.0,16.2,-0.12,-0.3,0.55
43.7,18.3,26.0,0.0,0.0,3.0,0.0,0.37,-0.4,1.3
16.7,11.7,0.0,0.0,4.7,0.0,50.7,-0.33,0.13,2.53
92.7,54.3,19.7,0.0,2.7,0.0,0.0,-0.9,0.53,0.57
0.0,97.0,0.5,0.0,0.0,9.5,0.0,-0.82,-0.3,0.2
0.0,2.0,13.3,62.2,0.0,24.0,2.2,1.03,1.43,0.48
0.0,0.0,0.0,95.2,0.0,6.0,0.0,1.38,1.75,1.23
42.0,54.0,39.0,0.0,68.7,4.3,7.3,-1.23,0.23,-0.93
34.0,8.8,0.0,0.0,12.2,3.0,4.0,-0.32,0.18,0.52
0.0,0.0,0.0,0.0,0.0,4.5,23.5,1.1,1.2,2.3
46.0,18.6,2.4,0.0,2.8,10.0,0.0,-1.06,-1.0,0.02
0.0,0.0,0.0,0.0,2.0,0.0,71.3,0.73,0.47,1.67
66.7,66.7,0.0,0.0,0.0,28.7,0.0,-1.17,0.43,0.7
0.0,0.0,0.0,79.7,0.0,0.0,0.0,0.7,0.7,0.9
13.8,20.5,2.5,24.0,2.8,12.8,22.5,-0.27,1.52,1.47
0.0,0.0,8.4,8.2,7.0,0.0,10.4,-0.38,-0.36,-1.16
4.5,3.5,11.0,0.0,7.0,9.8,30.2,-0.53,0.08,0.1
0.0,0.0,0.0,0.0,72.5,0.0,15.2,-0.7,-0.72,-0.78
17.0,19.4,0.0,0.2,19.4,0.0,0.0,-0.74,-0.84,-0.16
0.0,0.0,0.0,97.2,0.0,20.2,0.0,2.65,2.45,0.3
0.0,5.2,0.0,7.2,1.8,0.0,46.2,0.0,0.23,0.42
39.8,18.2,22.0,0.0,30.8,15.5,0.0,-1.72,-0.5,-0.9
4.5,1.8,0.8,12.8,1.5,35.0,29.5,0.4,0.85,0.6
0.0,0.0,0.0,79.0,0.0,0.8,0.0,2.02,1.92,0.96
0.0,2.0,67.5,0.0,0.8,0.0,0.0,-1.05,-0.35,-1.42
0.0,8.5,5.5,1.5,27.8,0.0,25.0,-0.68,-0.85,-0.72
7.8,13.6,13.4,14.6,2.4,50.0,1.4,0.34,-0.08,0.84
0.0,5.5,0.0,34.0,4.5,0.0,0.0,0.4,0.05,-0.05
3.0,4.8,16.0,2.8,3.4,3.0,4.8,0.7,0.28,0.74
0.0,0.0,16.4,0.0,20.0,0.0,25.8,0.1,0.36,0.02
20.4,5.6,21.0,4.2,15.6,8.6,24.4,-1.0,-0.2,0.16
25.7,33.3,5.3,14.0,0.0,13.7,0.0,0.2,0.13,-0.3
0.0,15.8,4.3,3.5,3.2,16.8,36.3,0.23,-0.53,-0.05
0.0,0.0,3.3,0.0,6.3,0.8,40.3,-0.22,-0.98,-0.25
0.0,0.0,4.3,7.3,7.7,0.0,25.8,0.05,-0.43,-0.03
0.0,0.0,18.0,0.0,4.2,0.0,38.0,-0.75,-0.28,-0.4
0.0,0.0,23.4,0.0,8.6,0.0,4.2,-0.5,-0.28,-0.84
0.0,0.0,0.0,1.3,0.0,0.0,59.3,1.07,0.87,0.97
0.0,0.0,16.2,0.0,2.8,10.0,7.4,-0.24,0.02,-0.28
55.8,31.2,14.8,0.0,36.0,2.2,0.0,-1.0,1.12,0.88
9.8,21.8,11.5,0.0,23.8,0.0,32.2,-0.98,0.08,0.27
19.4,28.8,0.0,3.8,1.8,0.0,16.2,-0.28,0.36,0.3
43.0,21.7,0.3,5.7,16.7,7.0,0.0,0.47,-0.23,-0.6
9.0,15.4,2.8,0.0,0.0,8.6,26.0,-0.74,-0.42,1.08
15.5,21.5,0.0,0.0,8.2,24.8,23.0,-0.12,-0.15,0.72
14.0,22.7,1.8,16.7,7.8,0.0,27.7,-0.33,0.1,1.08
26.2,23.2,0.0,0.0,0.0,9.8,9.8,-1.06,-0.66,-0.88
0.0,0.0,0.0,33.6,0.0,0.0,30.4,0.58,0.44,0.6
8.2,10.8,10.6,45.2,5.4,32.8,31.4,0.8,0.36,0.0
0.0,0.0,0.0,68.4,0.0,1.8,2.2,0.5,0.88,-0.16
10.8,19.8,1.6,0.0,16.0,0.0,6.8,-1.04,-1.14,-0.66
15.8,64.0,19.0,6.8,14.0,13.5,0.0,-1.55,0.43,0.55
51.2,13.3,5.8,0.0,24.5,5.3,0.0,0.22,1.23,0.87
42.2,22.0,0.0,0.0,0.0,0.0,35.8,0.22,0.52,0.68
28.0,43.2,13.4,0.0,26.6,11.8,8.4,-0.42,0.84,1.24
78.0,28.6,16.0,0.0,71.0,19.6,0.0,-1.28,-0.42,0.48
26.3,33.3,7.3,0.0,20.3,5.3,0.0,-0.43,0.23,-0.1
11.8,27.8,21.8,0.4,31.6,0.0,16.6,-0.44,0.3,0.68
10.0,20.0,7.0,0.0,37.2,18.8,0.0,-0.22,-0.22,0.9
11.2,14.7,44.8,0.0,11.2,7.2,24.0,0.23,-0.8,0.27
39.3,56.3,6.0,0.0,7.0,13.7,5.3,0.0,0.7,-0.33
29.4,5.4,1.0,0.0,34.8,0.0,20.0,-0.88,-0.94,0.3
29.5,34.0,0.0,0.0,18.0,0.0,17.2,0.03,0.4,1.8
16.8,14.0,5.8,0.0,38.6,0.0,13.8,-0.22,0.32,0.98
13.4,17.6,0.2,0.2,19.0,0.0,13.8,-1.0,-0.34,0.02
23.5,14.8,3.8,0.0,18.8,0.0,34.5,0.2,0.05,1.67
0.0,0.2,38.8,0.0,2.8,6.8,37.5,-0.12,0.8,-0.1
0.0,39.5,0.0,6.5,9.0,0.0,0.0,-0.35,-0.05,0.65
21.0,0.0,0.0,24.0,3.3,0.0,21.0,-0.4,-1.33,0.97
0.0,20.0,11.8,4.0,49.5,0.0,0.0,-1.2,-0.45,-1.62
20.5,9.5,10.0,0.0,0.0,0.0,17.5,0.9,1.05,2.0
17.5,22.0,0.0,0.0,41.5,17.0,0.0,-0.75,-0.2,0.9
38.0,30.5,24.3,0.0,30.2,0.0,0.0,-1.62,0.03,-0.07
5.5,12.0,0.0,0.0,17.8,0.0,15.5,-0.75,-0.35,0.52
7.8,8.6,19.6,2.6,56.0,14.6,7.6,-0.9,-0.36,-0.32
2.5,0.0,0.0,41.2,4.5,6.8,33.8,1.2,0.22,1.6
86.8,39.4,1.2,0.0,27.8,11.8,0.0,-0.34,0.36,0.54
0.0,0.0,0.0,28.3,6.3,0.0,34.7,0.63,-0.37,0.53
9.2,9.6,0.4,1.0,2.8,8.0,31.6,0.08,-0.42,0.46
0.0,1.7,0.0,38.3,2.7,10.3,30.0,0.97,0.9,0.28
22.7,15.0,30.0,0.0,18.7,3.7,20.0,-1.1,-0.43,-0.17
0.0,4.5,0.0,9.2,0.0,5.0,67.8,0.98,0.03,0.58
6.0,12.3,39.3,0.0,16.3,2.3,25.7,-0.37,-1.33,-0.33
5.6,44.0,0.0,0.0,4.4,0.0,27.2,-0.9,-0.1,0.46
0.0,0.0,17.0,23.3,26.3,0.0,24.7,0.1,0.17,0.37
0.0,0.0,9.0,27.2,0.0,8.8,35.0,0.68,0.98,-1.02
0.0,1.8,2.5,21.8,0.0,3.0,56.2,0.3,-0.45,0.3
0.0,0.0,0.0,51.4,0.0,23.8,1.0,1.1,0.7,0.26
0.0,0.0,0.0,76.2,0.0,25.6,0.0,0.88,0.94,1.42
2.7,1.3,0.0,23.0,2.3,18.7,28.7,0.67,0.53,0.33
0.0,0.0,0.0,9.3,0.0,0.0,73.0,0.0,-0.07,0.07
59.0,21.0,0.0,23.0,0.0,6.7,0.0,-0.27,1.5,1.17
27.8,13.0,9.4,7.4,13.4,12.6,12.8,-0.08,0.38,0.2
71.3,18.7,0.0,0.0,10.0,0.0,0.0,-0.83,0.4,1.03
27.7,0.0,0.0,19.3,0.0,32.7,33.3,0.23,1.1,0.3
17.3,22.2,8.8,8.3,7.0,2.3,12.3,-0.97,-0.42,-0.27
2.5,10.0,0.0,12.8,0.0,53.2,12.8,0.38,0.25,0.55
4.2,58.4,7.8,0.0,8.4,6.6,0.0,-0.84,-0.1,-0.54
20.5,16.0,16.8,0.0,27.2,15.5,2.5,-0.95,0.48,-0.75
0.0,0.0,0.0,20.6,0.0,4.2,50.0,0.34,-0.0,0.22
1.3,3.3,17.3,32.7,4.3,0.0,0.0,-0.3,-0.17,-0.3
1.3,11.3,2.7,0.0,9.0,69.3,0.0,0.17,0.2,-0.3
2.4,3.6,1.4,27.4,4.4,2.2,27.6,-0.06,-0.66,0.18
0.0,0.0,0.0,0.0,22.8,0.0,41.2,-0.65,-0.52,-0.55
0.0,9.6,20.0,0.0,24.6,20.0,24.0,-0.42,0.82,-0.42
0.3,28.7,0.0,27.7,0.0,22.7,0.0,0.27,0.43,-0.83
15.0,2.3,30.0,3.7,27.3,12.3,0.0,0.13,0.23,-0.57
35.6,15.2,3.4,0.0,10.4,7.6,14.6,-0.54,-0.06,0.28
5.0,8.6,11.0,35.6,11.4,22.0,10.2,-0.04,1.0,0.2
0.0,0.3,15.0,10.8,3.3,9.5,23.2,-0.7,-0.37,-0.17
35.7,15.7,0.0,33.3,33.3,0.7,0.0,-1.33,-0.43,0.43
0.0,0.0,0.0,32.0,0.0,0.0,24.8,0.57,0.5,0.6
52.0,38.8,0.0,26.8,0.0,14.2,3.5,-0.7,0.12,0.3
21.7,0.0,0.0,40.7,0.0,0.0,19.3,0.73,0.93,0.6
0.0,0.0,11.0,19.2,0.0,17.0,0.6,-0.18,0.38,0.16
0.0,0.0,19.0,0.0,18.7,12.3,41.0,-1.0,-1.0,-1.0
20.3,17.3,24.3,10.3,27.0,0.0,23.0,-1.03,-0.5,-0.63
48.7,4.7,4.7,21.0,0.0,17.7,0.0,0.27,0.37,0.37
40.8,13.0,5.5,0.0,6.2,0.0,0.0,-0.5,-0.48,-0.02
2.0,0.0,1.3,2.0,1.3,0.0,39.7,0.03,0.0,0.17
0.0,0.4,26.8,0.0,1.0,4.2,32.8,-0.56,-0.08,-0.48
23.2,16.3,30.2,1.5,3.8,8.8,16.8,-0.32,-0.6,0.0
27.0,9.5,27.0,0.0,34.8,8.8,0.0,-1.05,-0.45,-0.73
0.6,64.8,7.2,0.0,8.2,2.4,0.0,-0.68,-0.32,-0.3
27.8,3.5,5.8,4.2,9.2,6.8,43.5,0.4,0.9,0.12
27.5,22.2,1.2,15.8,10.8,27.0,0.5,-0.6,1.55,1.08
0.0,5.0,10.7,1.7,0.0,5.3,54.3,-0.87,-0.2,-1.07
0.0,12.8,15.8,0.0,76.2,12.5,0.0,-1.17,-0.4,0.5
20.0,44.0,0.0,3.8,11.8,9.5,6.0,-1.55,-0.9,-0.48
0.0,0.0,0.0,6.0,0.0,73.0,0.0,0.55,0.4,0.9
12.4,14.4,9.6,0.0,11.8,0.0,29.4,-0.68,-1.02,0.12
16.0,2.0,0.0,26.0,0.0,26.5,17.5,0.48,0.62,1.12
32.8,18.2,8.2,0.0,77.8,0.0,0.0,-1.88,-0.2,-0.78
20.0,15.8,10.2,0.0,16.0,4.2,7.8,-0.7,0.02,0.82
31.0,22.0,4.6,8.0,9.4,15.0,25.0,0.18,0.38,0.94
38.0,32.3,8.8,0.0,17.8,0.0,8.3,-1.18,-0.2,-0.15
0.0,0.0,3.8,36.2,2.8,1.2,22.3,0.05,0.07,0.15
0.0,0.0,0.0,13.7,0.0,0.0,34.7,0.3,0.3,0.97
6.6,6.0,20.6,2.8,8.0,0.0,4.8,-0.4,-0.7,-0.44
0.7,0.0,5.5,6.5,7.0,0.8,36.7,0.33,-0.93,-0.62
3.8,0.0,19.2,0.0,4.2,0.0,48.5,-0.73,-1.28,-0.6
0.0,0.0,0.5,64.3,16.0,33.3,0.0,2.03,1.58,-1.02
0.0,0.0,2.6,70.8,0.0,0.8,0.0,0.62,1.18,-1.16
0.0,1.8,29.4,0.6,15.2,14.4,38.0,-0.58,-0.72,-0.4
2.6,3.4,14.0,9.0,0.0,8.2,3.8,-0.26,0.38,0.5
0.0,0.0,0.0,41.8,6.8,17.2,19.2,0.5,0.14,-0.26
0.0,0.0,9.0,0.0,0.0,29.5,38.5,-0.03,0.32,-0.45
0.0,1.2,12.0,22.0,1.4,0.0,17.0,1.18,0.12,-0.62
0.0,0.0,1.0,2.7,0.0,20.0,69.0,0.87,1.37,0.6
0.0,0.0,0.0,48.7,0.0,32.0,33.3,1.1,1.03,0.13
0.0,0.0,0.0,3.8,1.3,14.0,28.5,-0.1,-0.15,-0.6
4.6,9.4,0.0,0.0,2.4,9.8,32.4,-0.32,-0.36,-0.08
4.3,4.5,7.0,0.0,6.2,0.0,43.3,-0.57,-1.55,-0.7
0.2,2.0,25.8,1.6,20.8,0.0,18.8,-0.3,-0.54,-0.48
1.4,33.8,13.8,0.0,1.6,0.0,30.0,-0.28,0.54,0.32
0.0,16.0,0.0,46.7,6.7,0.0,0.0,0.53,0.53,-0.47
0.0,0.0,1.2,0.0,5.8,15.0,57.0,-0.48,-1.25,-1.3
41.5,32.0,20.5,4.8,24.0,7.2,6.5,-1.4,1.1,-0.25
0.0,0.0,14.0,0.0,0.0,0.0,42.7,-0.03,-0.4,-0.6
5.2,43.0,1.8,0.0,3.8,0.0,15.2,0.25,0.1,0.3
0.0,0.0,14.6,24.2,0.6,5.6,7.0,0.24,0.54,-0.54
0.0,0.0,8.2,0.0,1.4,0.0,47.0,-0.3,-0.78,-0.3
0.0,8.0,8.6,12.4,0.0,1.2,24.8,-0.32,0.2,-0.96
3.8,26.0,8.7,0.0,34.8,0.0,25.7,-0.75,-0.3,0.23
2.5,0.0,8.5,0.0,0.0,0.0,50.8,-0.45,-1.3,-0.23
14.8,18.0,1.7,14.3,1.5,3.3,6.7,-0.2,0.25,0.33
43.3,4.7,21.3,0.0,15.0,0.0,0.0,-0.83,-0.67,0.33
0.0,5.4,36.4,0.0,56.4,17.8,7.0,-1.08,-1.26,-0.52
14.4,6.8,10.0,0.0,19.4,0.0,1.0,-1.1,-1.52,-1.34
0.0,0.8,9.5,0.0,27.7,1.8,36.7,-0.7,-0.73,0.02
0.0,3.2,3.2,0.0,13.0,0.0,44.8,-0.66,-1.56,-0.9
19.6,4.8,22.2,0.0,42.6,2.0,4.2,-1.58,-0.98,-1.94
0.0,9.4,19.0,0.0,51.6,14.0,15.4,-1.12,-0.58,-0.98
8.8,10.8,23.5,0.0,44.8,0.0,51.2,-1.18,-0.2,-0.4
6.8,0.0,39.5,0.0,55.8,0.0,0.0,-1.33,-1.48,-0.85
5.8,5.8,11.2,6.4,21.8,3.6,36.8,-1.14,-0.68,-0.62
8.4,9.8,36.8,0.0,24.0,1.8,3.2,-1.42,-0.62,-1.34
0.0,0.0,11.3,0.0,36.3,0.0,24.0,-0.1,-0.73,-1.03
12.8,68.8,19.0,0.0,50.6,0.0,0.0,-1.3,0.54,-0.64
4.7,7.3,21.7,0.0,18.7,14.3,23.3,-0.57,0.07,-1.0
7.6,2.4,1.4,0.0,40.6,0.0,1.0,-1.0,-0.08,-0.42
2.2,1.2,6.8,0.0,22.5,0.0,7.8,-1.85,-0.2,-0.75
0.0,0.0,0.0,0.0,41.5,0.0,17.5,-0.03,0.38,-0.3
0.0,0.0,0.0,54.2,0.0,0.0,0.0,0.35,-0.25,0.05
4.0,0.0,0.0,0.0,72.0,0.0,4.3,-1.5,-1.27,-2.43
0.0,0.0,8.0,50.5,1.2,0.0,14.5,0.97,0.28,0.3
0.0,0.0,0.0,8.8,24.0,0.0,10.0,0.28,0.38,-0.52
0.0,20.3,34.0,0.0,27.3,0.0,21.3,-1.13,-0.7,0.03
0.0,0.0,15.0,0.0,0.0,24.7,33.3,0.27,0.27,0.8
31.2,45.2,0.0,0.0,28.5,0.0,0.0,-0.92,0.95,0.12
2.6,0.2,19.4,0.0,8.0,8.8,23.2,-1.2,-0.9,-0.52
3.8,6.5,9.5,0.0,32.5,19.5,0.0,-0.18,0.12,-0.62
0.0,21.3,0.0,0.0,50.3,0.0,0.0,-1.07,-1.2,-1.1
2.5,16.2,0.0,15.5,2.5,22.8,16.5,0.12,-0.55,-0.52
0.0,0.0,0.0,20.2,4.0,5.5,53.5,-0.28,-0.5,-0.03
14.6,27.6,9.8,0.0,12.0,10.2,8.8,-1.0,-0.52,-1.56
0.0,0.0,25.2,0.0,14.0,0.0,50.6,-0.3,-0.36,-0.42
0.0,0.0,0.0,30.2,0.0,8.5,20.0,0.32,0.18,0.48
0.0,0.0,18.7,1.7,24.0,0.0,43.7,-1.0,-1.47,-0.9
1.4,57.8,14.4,0.0,23.4,36.8,2.8,-0.78,-0.14,-0.96
6.5,24.0,2.0,0.0,29.8,0.0,9.5,-0.43,0.0,0.5
0.0,0.0,23.0,1.8,5.6,19.2,42.0,-0.36,-0.32,-0.46
0.0,10.0,1.6,6.0,0.0,10.0,32.6,0.44,0.48,0.16
0.0,0.0,0.0,70.8,3.8,0.0,0.0,-0.28,-0.25,-0.27
0.0,0.5,0.0,82.8,0.0,41.8,0.0,1.38,1.2,0.2
0.0,15.7,4.5,31.7,8.7,16.0,0.0,0.32,0.85,0.25
18.5,15.5,7.8,1.5,43.0,0.0,0.0,-1.27,-0.85,-1.0
0.0,0.0,0.0,11.5,0.0,13.2,43.0,-0.5,-0.5,-0.5
0.0,0.0,0.0,1.5,2.5,0.0,47.7,0.83,0.22,0.18
0.0,0.0,1.2,0.0,0.0,0.0,73.8,0.48,0.12,0.2
15.0,29.3,19.7,21.7,9.3,33.3,20.0,-0.4,0.6,-0.17
0.0,0.0,0.0,0.0,0.0,0.0,76.3,0.0,-0.93,-0.07
0.0,0.0,2.2,31.0,0.0,5.0,34.6,0.32,0.54,0.3
0.0,0.0,0.0,31.7,0.0,0.0,43.3,1.27,-0.07,0.1
0.8,1.0,18.8,0.0,10.8,0.0,13.8,-1.4,-1.58,-1.06
0.0,0.0,3.2,0.0,36.2,0.0,24.2,-1.15,-0.9,-1.1
0.0,0.0,0.0,0.0,3.0,0.0,49.2,-1.9,-1.9,-2.08
0.0,0.0,20.7,0.0,9.7,0.0,16.7,-0.63,-0.7,-0.77
0.0,12.8,2.8,2.2,8.0,0.0,34.3,-0.12,-0.83,-0.82
0.0,0.0,0.0,14.5,5.0,0.0,19.5,0.1,0.1,-0.75
3.0,8.0,21.5,6.2,28.0,5.0,8.2,-0.62,-0.55,-0.9
0.0,0.0,0.0,0.0,24.0,0.0,25.8,-0.42,-0.45,-0.32
0.0,5.5,0.0,0.0,14.0,0.0,0.0,-1.15,-1.4,-1.15
0.0,0.0,12.2,0.0,23.8,3.6,19.6,-0.52,-0.5,-0.76
0.0,5.7,33.3,14.7,1.7,0.0,4.7,-0.7,-0.93,-0.97
0.0,0.0,50.0,0.0,0.0,0.0,25.7,-0.43,0.27,-0.7
0.0,0.0,2.3,8.3,3.5,4.5,43.0,0.05,-0.08,-0.25
0.0,1.6,10.4,3.2,5.8,5.8,46.2,-0.4,-0.6,-0.24
0.0,0.0,0.0,29.5,0.0,0.0,21.0,0.45,0.55,-1.3
14.7,4.3,8.0,0.0,6.3,7.7,43.3,-1.17,-0.87,-0.73
0.0,0.0,0.0,49.2,0.0,0.0,17.8,0.94,0.04,-1.32
0.0,0.0,0.0,5.0,0.0,0.0,53.7,-1.37,-0.93,-1.43
0.0,0.0,1.6,23.4,0.0,2.0,55.8,0.34,0.24,-0.66
1.6,0.0,4.2,11.8,6.2,19.6,20.0,-0.56,-0.88,-0.1
0.0,0.0,12.5,0.0,11.5,10.8,31.5,0.0,-0.03,0.2
0.0,0.0,0.0,0.0,0.0,12.7,80.3,1.13,0.63,0.27
0.0,0.0,7.6,0.2,10.4,7.2,36.6,-0.48,-0.7,-0.2
0.0,1.0,7.7,0.0,18.0,0.0,30.0,-0.33,0.0,-0.8
0.0,0.0,13.0,0.0,0.0,0.0,46.2,-0.2,-0.22,-0.5
0.0,0.0,0.0,61.0,0.0,0.0,16.2,1.4,0.54,-0.36
11.0,7.0,0.0,65.8,2.8,4.0,15.5,0.92,1.4,-0.52
0.0,16.0,8.2,13.4,1.8,23.0,16.0,-0.06,0.02,0.16
0.0,3.0,28.5,0.0,49.5,0.0,2.8,-1.52,-1.23,-0.92
14.0,31.2,13.6,0.0,30.4,0.0,0.0,-0.94,-1.4,-1.32
0.0,0.0,5.2,0.3,24.7,2.2,22.5,-0.48,-0.45,-0.15
19.7,3.3,3.0,8.3,31.3,0.0,46.3,-2.3,-1.13,-2.43
1.4,2.0,33.2,5.6,20.8,0.2,21.6,-0.02,-0.1,0.98
0.3,2.0,0.0,9.7,3.0,16.3,38.3,-0.03,-0.23,-0.7
0.0,0.0,0.0,2.0,0.0,9.7,33.3,-0.27,-0.07,-0.1
1.2,24.4,0.0,25.0,10.8,21.8,23.2,0.02,0.56,0.82
0.0,0.0,6.0,60.3,0.0,3.2,0.0,0.97,0.38,0.1
0.0,0.0,0.0,71.7,0.0,22.3,36.7,1.53,0.9,0.8
1.0,6.3,0.0,44.3,0.0,0.0,33.3,-0.27,-0.4,-1.47
0.0,7.6,10.0,34.2,10.4,30.8,0.0,-0.38,0.12,-1.02
0.0,0.0,7.7,40.5,1.2,11.2,15.5,0.77,1.03,0.5
0.0,0.0,0.0,37.5,0.0,7.2,13.8,0.05,0.82,0.7
0.0,0.0,67.5,17.8,0.0,31.5,0.0,0.62,1.02,-0.6
0.0,6.2,10.8,0.0,15.7,22.8,22.0,-0.43,-0.88,-0.97
0.0,0.0,12.7,0.0,0.0,13.3,55.3,-0.17,-0.53,-1.2
0.0,1.2,12.2,15.2,1.2,0.0,2.2,-0.2,-0.23,-0.6
0.0,0.0,0.0,16.4,0.0,10.4,25.6,0.2,0.2,-0.28
0.0,0.0,0.0,44.0,0.0,3.8,0.0,0.77,0.45,0.48
0.0,0.0,4.8,33.8,0.0,0.0,34.6,1.72,0.56,-0.92
0.0,1.6,2.2,23.4,0.0,2.0,40.6,0.48,0.42,0.1
0.0,0.0,11.5,9.2,0.0,3.0,48.2,0.4,0.28,0.1
0.0,0.0,1.0,51.2,1.0,0.0,5.0,0.37,0.9,0.4
0.0,1.8,0.0,8.8,0.0,2.4,30.6,0.28,1.08,-0.68
0.0,0.0,0.0,46.8,0.0,0.0,7.4,0.78,0.54,-0.26
35.5,18.0,19.8,34.0,25.8,23.8,0.0,-0.7,0.05,0.25
0.0,0.8,14.2,21.0,2.5,0.0,48.5,0.8,0.8,-0.75
0.0,0.0,0.0,38.7,0.0,0.0,18.0,0.77,1.43,-0.57
0.0,9.2,20.0,0.0,5.0,0.0,50.8,-0.62,-1.28,0.4
0.0,0.0,0.0,75.8,0.0,0.0,0.0,1.38,1.35,0.02
0.0,0.0,0.0,26.0,0.0,0.0,2.0,0.35,0.4,-0.2
0.0,0.0,11.8,2.8,0.0,4.5,51.0,0.15,-0.52,0.0
0.0,0.7,2.2,9.7,2.0,7.7,35.5,0.03,-0.17,-0.07
78.0,49.2,12.5,0.0,24.5,0.0,0.0,-1.75,-0.75,-0.8
62.5,16.8,18.0,0.0,24.0,0.0,14.5,-0.4,0.23,-0.62
55.3,34.3,40.3,0.0,68.0,12.0,0.0,-1.87,-0.9,-0.37
14.2,14.2,62.8,0.0,22.0,5.4,0.0,-1.38,0.62,0.44
7.6,14.2,0.4,28.2,6.0,15.0,29.4,-0.94,-0.5,0.74
0.0,12.4,4.0,11.0,10.4,9.4,20.0,-0.52,0.42,-0.12
0.0,0.0,0.0,54.8,0.0,10.2,15.5,1.63,1.4,0.48
6.0,15.2,0.8,10.0,12.5,2.7,29.7,-0.63,0.03,-0.43
0.0,20.2,12.8,8.2,19.0,0.0,16.5,-0.88,-0.5,-0.9
0.0,0.0,28.5,0.0,11.5,0.0,0.0,-1.2,-1.5,0.1
0.0,0.0,15.0,8.4,15.2,0.0,37.4,-0.38,-0.48,-0.48
2.8,2.3,13.5,1.2,54.7,0.0,10.2,-1.35,-0.92,-0.75
0.0,0.0,0.0,33.0,0.0,0.0,42.7,0.97,0.27,0.13
0.0,0.0,14.6,0.0,32.0,0.0,13.2,-0.16,0.46,-0.22
